appId,title,score,genre,price,free,currency,description,developer,installs
com.ochsner.digitalmedicine,Digital Medicine,4.2153845,Health & Fitness,0,True,USD,"The Digital Medicine app simplifies how you care for your chronic condition‚Äîoffering a customized experience for members that is intuitive, streamlined, and personalized. Connect with your data, set preferences, and control your health. Easy just got easier.

SEAMLESSLY TRANSMIT READINGS
‚Ä¢ Take and send your weight, blood pressure and blood sugar readings to your care team.
‚Ä¢ Log your meals easily and get nutritional tips based on what you've logged for the day.

SET PREFERENCES
‚Ä¢ Choose when to receive program reminders, whether it‚Äôs to submit a reading, review your monthly report, or other relevant program tasks, that best fits your unique schedule.

READING GUIDANCE
‚Ä¢ Get in-app guidance on blood pressure and/or blood sugar readings.

DIGITAL COACHING 
‚Ä¢ Gain knowledge on your program and health journey through interactive learning missions.  
‚Ä¢ Understand your progress through trends and monthly reports in-app. 

EARLY ACCESS
‚Ä¢ Gain access to the latest Digital Medicine app features and enhancements.

SUPPORT
‚Ä¢ Enjoy guided in-app device setup instructions and watch videos on setting up your device and how to take readings.

Track progress, stay motivated, and feel better with Digital Medicine.

Digital Medicine app is not any substitute for professional healthcare services or advice. Any health related information provided is for informational purposes and should not be used for diagnostic or medical purposes.¬†Always consult a healthcare professional for your health and safety needs.",Ochsner Health System,
com.bodysite.bodysite,BodySite Digital Health,4.28,Health & Fitness,0,True,USD,"BodySite's digital health and lifestyle app connects you with your wellness provider's wellness plan in real time. Receive daily meal planning, exercise guidance, lifestyle modification support and motivation.

What you get:

For users with a BodySite account / requires a provider:
* Wellness Plans Selected For You
* Your plan details delivered daily from your provider
* Meal plans, grocery lists and recipes
* Calorie counter
* Meal by meal and daily nutritional summary with calories and macronutrient breakdowns and graphs
* Nutritional summary with calories and macronutrient breakdowns and graphs for each food
* Easily store favorite foods and meals
* A detailed exercise program
* Exercise videos and photo examples and descriptions
* Daily affirmations, uplifting support and motivation
* Activity tracker
* Photo journal
* Bar Code Food Scanner
* Private journal to keep track of your progress, ideas 
* Real-time sharing of your food, exercise, body and personal journals with your provider
* Direct private messaging with your provider
* Push notifications for private messaging
* Track steps, water, sleep and custom activities
* Integration with Fitbit (requires activation from web account)",BodySite,
com.appex.myhealth,MyHealth-Digital Health Locker,0.0,Health & Fitness,0,True,USD,"MyHealth app is a digital health locker that helps you to digitize, store, and manage your medical reports and body vitals from anywhere in the world. It not only enables you to easily share your medical records with healthcare providers during appointments, with family and friends in cases of medical emergencies.

Beyond merely storing your health records, The MyHealth app allows you to do the following:

1. Manage your family‚Äôs health with a ‚ÄúFamily Health Account‚Äù
2. Identify and manage your genetic health risks with ‚ÄúMyGene‚Äù
3. Get ‚ÄúSmart Health Insights‚Äù to identify patterns and potential health issues
4. Track essential ‚ÄúBody Vitals‚Äù, including blood pressure (BP) and blood sugar levels effortlessly

Additionally, the MyHealth app is ABDM compliant and helps you create your Ayushman Bharat Health Account (ABHA Card) in under 60 seconds.

Download the FREE MyHealth App and begin your Digital Health Journey today.
___________________________________________________________________________
Why should you choose MyHealth app?

‚ùåYou can now say goodbye to carrying bulky medical files, health records & prescription notes while visiting the doctor.
‚ùåYou no longer need to repeatedly take pictures of the same medical report to share with doctors and healthcare providers over WhatsApp.
‚ùåYou can eliminate the possibilities of misdiagnosis and isolated treatments, as your doctor will now be well-informed.
‚ùåYou no longer have to worry about losing, misplacing, or damaging your and your family‚Äôs health records.

The MyHealth app ensures the sharing of important medical information between patients and physicians happens in a seamless and secured manner, thereby transforming the patient-physician relationship.
___________________________________________________________________________
Are you wondering if the app is safe and secure to store your medical records?

Yes, Absolutely. The MyHealth app is not only approved by the National Health Authority of India but is also HIPAA compliant. This guarantees that patient health information (PHI) is protected from unauthorized access and breaches.

Additionally, the app adheres to HL7 standards, facilitating seamless data exchange between different healthcare systems and providers, resulting in improved care coordination, reduced clinical errors, and more efficient clinical workflows.

Patient privacy is critical to us and we take appropriate security measures to protect your data from being accidentally lost, used, or accessed by unauthorized sources. We DO NOT use your data to:

‚ùåDisclose, sell, rent, or otherwise provide your personal information to other companies.
‚ùåShare your personal information with third parties unless required by law.",Appex Innovation Solutions LLC,
com.cogniss.edinburghinnovations.digitalhealthportal,Digital Health Portal,,Health & Fitness,0,True,USD,"Edinburgh Innovations is the University of Edinburgh‚Äôs commercialisation service. Together, we develop innovative ideas and deliver solutions to the world‚Äôs biggest medical challenges by connecting academic researchers, patients, clinicians, scientists, partners and state of the art clinical and pre-clinical research facilities at the University. These digital health projects are sponsored by the Wellcome iTPA innovation accelerator at the University of Edinburgh.",Cogniss,
com.FlexCare.app,FlexCare Digital Health,2.0,Health & Fitness,0,True,USD,"FlexCare is a Digital Health provider offering members 24/7/365 access to Telemedicine, TeleDentistry, TeleSpine, Dermatology, Behavioral Health, Companion/Caregiver and other programs via text, phone or online video‚Äîwhenever they need it, from wherever they are. Our U.S. board-certified providers can diagnose, recommend treatment, and write short-term, non DEA prescriptions, when appropriate.",FlexCare. LLC,
com.bapelkesks.digitalmedication,Digital Health & Medication,,Productivity,0,True,USD,"Digital Health & Medication adalah Aplikasi yang dikembangkan untuk memudahkan Peserta Bapelkes Krakatau Steel untuk mengakses pelayanan kami.

Dengan 3 (tiga) fitur utama meliputi:
1. Pendaftaran Klinik
2. Informasi Sisa Plafon
3. Riwayat Kesehatan

Serta 2 (dua) fitur tambahan yaitu:
1. Konten Promosi dan Edukasi Kesehatan
2. Informasi Kepesertaan.",Bapelkes Krakatau Steel,
events.grip.dhf1007,DIGITAL HEALTH FESTIVAL 2025,,Business,0,True,USD,"The official Event App for Digital Health Festival 2025 aka DHF25. We create spaces for magic to happen, bringing together a disconnected health ecosystem for two feverish days of learning, networking, deal making and fun. It's a meeting of the greatest minds in healthcare.",Digital Health Festival,
com.healthcarecentral.healthly,HealthLy - Digital Health,4.019608,Medical,0,True,USD,"The BEST NEW health & medication management app!

With HealthLy, you have a health companion & a health dairy continually at your side. Maybe you are fighting a chronic disease, or you need a secure and well-organized tool to track your family‚Äôs health data, or maybe you are a caregiver for someone with a chronic condition, finally, there is HealthLy.

Now you have a personal health assistant tracking, organizing, analyzing and managing health and medication data for you and people in your care. It is easy to care for multiple dear people in your life with HealthLy‚Äôs multiple profiles feature.

HealthLy provides a secure environment for all your health measurements, health reports and analysis you receive from physicians or labs, and all your personal health information needed to keep you on top of your health care.

PROFILES/ACCOUNT
~ create separate accounts for yourself, your children/family, people in your care, patients or even pets
~ keep important information in one secure place (allergies, chronic conditions, blood type, insurance details, etc.)
~ record health measurements, store documents and reports

THERAPIES OVERVIEW & REMINDERS
~ guided therapy set up
~ drug interactions check & warning
~ create reminders for evenly distributed therapies or therapies with unequal dosage or time period
~ also intended for subcutaneous injection therapies so it includes an application area body map, making sure you don't apply the injection in the same area multiple times consequently
~ scan the medication package and HealthLy will recognize it and show you all the details
~ see the history of all completed or archived therapies
filter out active therapies for one profile or see the full therapy list for multiple profiles on the same screen
~ select an action for any active therapy (take, skip, reschedule, forward)
~ keep track of the medication taken ""as needed"" (PRN meds)
~ calendar overview showing the past and future therapies and appointments all in one place

HEALTH INDICATORS
~ enter the measurements for over 60 lab parameters and health indicators
~ track the measurements movements on a graph
~ send the report to a physician showing the indicator's movement through time
~ easy to see the upper and lower limits for each indicator

APPOINTMENTS & DOCUMENTS
~ keep track of every doctor‚Äôs appointment you or your family member had
~ add multiple documents to each appointment
~ filter all appointments by each different profile and track the information according to the medical specialty

HealthLy is FREE to download and use and contains no ads. It is perfect for individuals, families, caretakers and medical professionals. With a premium subscription, you will have access to unlimited profiles, health indicators, reports, data backup, etc.

HealthLy does not provide medical advice, diagnosis or treatment. Always seek the advice of your physician or other qualified health providers with any questions you may have regarding your medications or a medical condition.
Subscriptions will be charged to your credit card through your account. Your subscription will automatically renew at your monthly or annual rate unless canceled at least 24 hours before the end of the current period. You will not be able to cancel a subscription during the active period. You can manage your subscriptions and auto-renewal settings in the Account Settings after purchase.",HealthCare Central Co.,
com.yourdhs.app,Digital Healthcare Solutions,2.142857,Health & Fitness,0,True,USD,Remote Therapeutic Monitoring allows healthcare providers to better engage with their patients after they are sent home from an office or hospital. The goal of RTM is to help patients recover quicker and improve outcomes from their medical treatment.,Digital Healthcare Solutions LLC,
com.dha.academy,Academy of Digital Health,,Education,0,True,USD,"Academy of Digital Health Sciences (formerly Digital Health Academy) was
founded in 2019 to equip clinicians and healthcare professionals and frontline health
workers on Digital Health and to create the Digital health leaders of tomorrow who would
lead the digital transformation of healthcare. The Academy works with the world‚Äôs top-most
leaders, corporates and institutions to provide application-oriented knowledge in Digital
health. This is the first institution in the world to offer proprietary ‚ÄúCertified Digital Health
Professional‚Äù certificate. The institution will remain at the forefront to create the future-
ready workforce for healthcare.",Digital Health Associates,
com.myhealthchampion.mobile,Calcium Digital Health AI,3.372549,Medical,0,True,USD,"Manage health care, track your symptoms, enable remote monitoring and control your family‚Äôs health and medical data with Calcium. Take health care into your own hands with control over all your health, medical and fitness records.

Download Calcium today to get your no-cost ‚Äúearly adopter"" access.

Calcium is a health & medical app that pulls in your health data from hospitals & health systems ‚Äì and many of the top fitness and medical devices (including Fitbit and Apple Health). The medical app provides an array of tools that leverages your data to get healthier, manage your healthcare costs and take control of your healthcare journey and destiny.

Use the medicine tracker, record symptoms and note your conditions automatically or in your private medical journal. From personal health to medical records, Calcium provides control and tools designed to empower families and individuals to finally control their health decisions and destiny.

The Calcium app is designed also empower caregivers ‚Äì whether you‚Äôre a parent or the adult child of seniors with special health needs. Care for elderly parents with chronic conditions or young kids learning to manage childhood conditions like asthma, allergies or diabetes.

Monitor prescriptions for your elder parent‚Äôs medication, track symptoms, manage your child‚Äôs treatment and follow their progress through one of our personalized health pathways. Plus, health observations and concerns can be recoded securely in the private journal.

Calcium gives you control over your health. From medication to managing symptoms, personal care is back in your hands.

<b>Calcium Features:</b>

Personal Health Pathways
- Health improvement programs are clinically designed and personalized
- Health data can be recorded manually and wirelessly
- Access our growing library of clinically designed health improvement pathways
- Personal health care pathways are designed by medical, health and wellness professionals
- Personalized health care programs to achieve your specific health goals ‚Äì whether it‚Äôs losing 5 pounds, managing your child‚Äôs asthma or helping your elderly parent recover from a procedure

Care For Your Family
- Healthy living & care for your elderly parents or young children
- Track medicine, conditions and treatment for your family
- Track health, symptoms and medical progress, such as temperature and blood pressure

Recover Faster
- Calcium works with hospitals and surgery centers to improve patient care before and after procedures
- Let health care managers know how to best speed your recovery
- Medical providers can use Calcium for pre- and post-operation care

Health Data Stays Protected
- Health-related data is gathered from various apps, devices and the Internet of Things (IoT)
- Calcium gathers medical records & tracking data in a secure cloud-based environment
- Medical records stay secure and protected

Fitness Tracker Data
- Add tracking data from many leading fitness devices, including:
- Fitbit, Garmin, Withings, Omron, ActivLIFE, Apple Health, Bewell Connect, Boltt, Epson, iHealth, Kiqplan, Life Fitness, Lifetrak, Lumo, Mindful Meal, Misfit, Movable, MyFitnessPal, PearSports, Personalabs, Polar, Precor, Runkeeper, StepsCount, Strava, Striiv, Suunto, Swimtag, TomTom, Under Armour, and VitaDock

Medical Devices
- Collect and track data from top medical and vitals tracking devices, including:
-  Fitbit, Garmin, Omron, Withings (Nokia), AsthmaMD, Bewell Connect, BodiMetrics, Body Trace, Emfit, FatSecret, Foracare, Healthbot, Higi, iGlucose, iHealth, iProven, Kiqplan, Misfit, MyDario, Ozmo, PredictBGL (ManageBGL), Qardio, RxCheck, Sleepimage, Telcare, and VitaDock

We invite you to shape the future of consumer-driven health by becoming part of our community.
To get started, just download our free app today.",Calcium LLC,
com.teladoc.members,Teladoc Health,4.3599105,Medical,0,True,USD,"Teladoc Health connects you with complete care, at your convenience and an affordable cost. You‚Äôll find what you need to get well‚Äîlike 24/7 care‚Äîalongside primary care, therapy and programs proven to keep you well.

EXPERIENCE AND EXCELLENCE
Teladoc Health has been modernizing healthcare since 2002. More than 50 million visits later, we are the leader in telemedicine. With our app, top-quality doctors and data-driven programs are just a tap away.

SEAMLESS CARE FOR ALL OF YOU
Our app brings together doctors, therapists, dietitians, nurses, coaches and self-guided programs that tend to every aspect of your well-being. If you need in-person care, we can refer you to in-network providers and care sites. But don‚Äôt underestimate us. The

With a suite of connected devices, in-home lab services and prescription delivery (in some locations), we cover most common health needs. And with insurance, your copay for care could be as low as $0.

PERSONAL AND PERSONALIZED
Teladoc Health providers and coaches will get to know you. Our video and phone visits have no time limit. Instead of 15 minutes, you might spend an hour talking about your health and planning next steps together.

The app integrates with our devices and Apple Health to put data in your hands. Analyze it during appointments with your care team, or on your own on the go. Then apply what you learn about your health and your habits to find the right path to your goals. We‚Äôll send you notifications and nudges to keep you on the right track.

OUR SERVICES INCLUDE:

24/7 CARE
On-demand appointments any time of day with board-certified physicians for:
- Colds and flu
- Pink eye
- Sore throats
- Sinus infections
- Rashes 

PRIMARY CARE
Access within a week to board-certified primary care physicians and nurses who become your dedicated virtual care team for:
- Routine checkups and preventive care
- Goal-setting and a personalized care plan
- Lab orders (bloodwork)
- Checking blood pressure and other vitals
- Managing chronic conditions 

CONDITION MANAGEMENT
Depending on your coverage, you may be eligible for:
- Programs to help manage conditions like diabetes and high blood pressure
- Connected devices like a blood glucose meter or blood pressure monitor
- Expert health coaching
- Health data, trends and actionable insights

MENTAL HEALTH
Licensed therapists, psychiatrists and self-guided content for help with:
- Anxiety and stress
- Depression or not feeling yourself
- Relationship conflicts
- Trauma 

NUTRITION
Registered dietitians who can help with:
- Weight loss
- Diabetes
- High blood pressure
- Digestive issues
- Food allergies 

DERMATOLOGY
Dermatologists who diagnose and treat common skin conditions, such as:
- Acne
- Psoriasis
- Eczema
- Rosacea
- Skin infections

Your coverage might also provide access to:
- Specialists for a second opinion on surgery, a diagnosis or treatment plan
- Therapy and coaching to help with back and joint pain
- Imaging and sexual health testing referrals 


CHECK YOUR COVERAGE
Sign up to see which telemedicine services are covered by your health insurance or employer. Or, you can choose to pay flat fees. 

SECURE AND CONFIDENTIAL
We take your privacy seriously. Your health information is secure, private and compliant with federal and state laws, including the U.S. Health Insurance Portability and Accountability Act of 1996 (HIPAA). 

AWARDS AND RECOGNITION
- Company of the Year‚ÄîHealthcare Dive, 2020
- World‚Äôs Most Innovative Companies‚ÄîFast Company, 2021
- Largest Virtual Care Company‚ÄîForbes, 2020","Teladoc, Inc.",
co.well.wellapp,Well Digital,4.892351,Health & Fitness,0,True,USD,"Well is your personalized daily health partner.

With Well, you‚Äôre treated like a name instead of a number. Well works to understand you, then suggests the next step fit for you ‚Äî while rewarding you every step of the way. Get your first bonus just for signing up.

With Well, you are‚Ä¶

- WELL known: We get you. Answer just a few questions and we‚Äôll share the next thing you can do for your health. Personalized multi-day health journeys and ‚Äúlook ahead‚Äù suggestions, designed by our experts and suggested by Well‚Äôs advanced health engine. Well knows your next healthy step even before you do.

- WELL rewarded: Healthy is job one. So why not get paid to do it? Earn hundreds in rewards by taking simple, healthy steps. Celebrate the small wins, because they add up over time. And when you‚Äôre ready to cash in on your good work, choose gift cards from a wide variety of your favorite brands.

- WELL empowered: It‚Äôs easier to take that next step when you know the facts. Build confidence and momentum in your health journey with do-able tips that fit into your regular day and help move you towards your goals. With someone in your corner, you can get started on that new health routine.

- WELL guided: Every now and then, we all need a little human guidance. Need help understanding bills and coverage, healthcare navigation guidance, and finding and scheduling a local provider? You‚Äôll be happy to know our Well Guide team does it live and on-demand. Does that sound like typical healthcare to you? 

What others are saying about Well:

- ‚ÄúIt's not just about losing weight, getting exercise, or lowering blood pressure. It's about all of that. It‚Äôs about your overall health.‚Äù ‚Äî Kim W.

- ‚ÄúThank you so much for finding them (a urologist) for me! I‚Äôll be able to stay within the group for all of my needs‚Ä¶Thank you again for your help!‚Äù ‚Äî Pablo L.

- ‚ÄúI love the emphasis on mental health in the workplace, because for a very long time, all I did was work.‚Äù ‚Äî  Hannah L.

- ‚ÄúWell is by far my favorite app on my phone.‚Äù ‚Äî Mark D.

Learn more about us at well.co",Well Engineering Team,
epic.mychart.android,MyChart,4.564494,Medical,0,True,USD,"MyChart puts your health information in the palm of your hand and helps you conveniently manage care for yourself and your family members. With MyChart you can:

‚Ä¢	Communicate with your care team.
‚Ä¢	Review test results, medications, immunization history, and other health information.
‚Ä¢	Connect your account to Google Fit to pull health-related data from your personal devices right into MyChart.
‚Ä¢	View your After Visit Summary¬Æ for past visits and hospital stays, along with any clinical notes your provider has recorded and shared with you.
‚Ä¢	Schedule and manage appointments, including in-person visits and video visits.
‚Ä¢	Get price estimates for the cost of care.
‚Ä¢	View and pay your medical bills.
‚Ä¢	Securely share your medical record from anywhere with anyone who has Internet access.
‚Ä¢	Connect your accounts from other healthcare organizations so you can see all your health information in one place, even if you've been seen at multiple healthcare organizations.
‚Ä¢	Receive push notifications when new information is available in MyChart. You can check whether push notifications are enabled under the Account Settings within the app.

Note that what you can see and do within the MyChart app depends on which features your healthcare organization has enabled and whether they‚Äôre using the latest version of Epic software. If you have questions about what‚Äôs available, contact your healthcare organization.

To access MyChart, you must create an account with your healthcare organization. To sign up for an account, download the app and search for your healthcare organization or go to your healthcare organization‚Äôs MyChart website. After you‚Äôve signed up, turn on fingerprint authentication or set up a four-digit passcode to quickly log in without needing to use your MyChart username and password each time. 
  
For more information about MyChart‚Äôs features or to find a healthcare organization that offers MyChart, visit www.mychart.com.

Have feedback about the app? Email us at mychartsupport@epic.com.",Epic Systems Corporation,
com.abbott.nmd.oneapp,NeuroSphere Digital Health App,3.1090908,Medical,0,True,USD,"The NeuroSphere‚Ñ¢ Digital Health App from Abbott is for people living with chronic pain and movement disorders, allowing them to manage physician prescribed programs on their neurostimulation device from Abbott.* The app also features educational resources on therapy topics that matter most to you, including video content about your neurostimulation device. 

This app works with rechargeable and non-rechargeable neurostimulation devices from Abbott such as the Eterna‚Ñ¢ SCS system, Proclaim‚Ñ¢ SCS and DRG systems, and the Liberta‚Ñ¢ and Infinity‚Ñ¢ DBS systems*. The app utilizes Bluetooth wireless technology to communicate between the implanted stimulator, the stimulator charger (if you have a rechargeable stimulator)* and is compatible with the mobile device patient controller provided by Abbott, as well as personal Android mobile devices.

Key features of the app include: 
‚Ä¢	Accessing educational resources that answer frequently asked questions about neurostimulation
‚Ä¢	Sharing how you are feeling with your care team through digital check-in (this feature applies for chronic pain patients implanted with a neurostimulation device). 
‚Ä¢	Connecting with Abbott‚Äôs Therapy Navigation Center for personalized device support (this feature applies for chronic pain patients implanted with a neurostimulation device). 
‚Ä¢	Secure, in-app video chat sessions through NeuroSphere‚Ñ¢ Virtual Clinic, enabling users to connect with their clinicians for routine remote programming adjustments.*
‚Ä¢	Selecting stimulation programs for changing therapy needs.*
‚Ä¢	Adjusting stimulation amplitude.*
‚Ä¢	Checking device battery / monitoring charging status of the battery / adjusting charging settings (these features apply if you have a rechargeable stimulator).*
‚Ä¢	Turning stimulation, MRI mode, and surgery mode ON / OFF.*

THIS APP DOES NOT PROVIDE MEDICAL ADVICE, NOR SHOULD BE REGARDED AS COMPRISING MEDICAL ADVICE OF ANY NATURE. THE APP IS NOT A SUBSTITUTE FOR THE PROFESSIONAL JUDGEMENT AND TREATMENT BY A PHYSICIAN OR MEDICAL PROFESSIONAL. PATIENTS SHOULD CONSULT WITH THEIR PHYSICIAN PRIOR TO MAKING ANY MEDICAL DECISIONS. IF YOU SUSPECT YOU MAY HAVE A MEDICAL EMERGENCY, PLEASE CONTACT EMERGENCY SERVICES OR YOUR HEALTHCARE PROVIDER.

*This feature only applies if you are utilizing the mobile device patient controller provided by Abbott
**Available on eligible mobile devices. For a list of mobile devices compatible with Abbott‚Äôs Neuromodulation Patient Controller applications, visit http://www.NMmobiledevicesync.com/cp


Please note:
‚Ä¢	This application will work on Android mobile devices running Android OS 10 or later.
‚Ä¢	For the Privacy Policy see https://www.virtualclinic.abbott/policies
‚Ä¢	For the Terms of Use see https://www.virtualclinic.abbott/policies
‚Ä¢	Bluetooth is a registered trademark of Bluetooth SIG",Abbott,
com.ada.app,Ada ‚Äì check your health,4.601345,Medical,0,True,USD,"Get a health check for yourself and your relatives. You can check your symptoms online 24/7 and find out possible causes. Whatever's bothering you, from pain, headache, or anxiety to allergy or food intolerance, the free Ada app (symptom checker) could help you find answers from the comfort of your home.

Doctors have trained Ada for years so that you can get an assessment within minutes.

<b>How do free symptom checks work?</b>

You answer simple questions about your health and symptoms.
The AI of the Ada app assesses your answers against its medical dictionary of thousands of disorders and medical conditions.
You receive a personalized assessment report that tells you what may be wrong and what you could do next.

<b>What can you expect from our app?</b>

- Data privacy and security ‚Äì we apply the strictest data regulations to protect and keep your information private.
- Smart results ‚Äì our core system connects medical knowledge with intelligent technology.
- Personalized health information ‚Äì your guidance is personal to your unique health profile.
- Health assessment report ‚Äì share relevant information with your doctor by exporting your report as a PDF.
- Symptom tracking ‚Äì track your symptoms and their severity in the app.
- 24/7 access ‚Äì you can use the free symptom checker anytime, anywhere.
- Health articles ‚Äì read exclusive articles written by our experienced doctors.
- BMI calculator ‚Äì check your body mass index (BMI) and find out if you‚Äôre a healthy weight.
- Assessments in 7 languages ‚Äì choose your language and change it from the settings at any point: English, German, French, Swahili, Portuguese, Spanish, or Romanian.

<b>What can you tell Ada?</b>

The Ada app can help you if you have common or less common symptoms. Here are some of the most common searches:

Symptoms:
- Fever
- Allergic rhinitis
- Loss of appetite
- Headache
- Abdominal pain and tenderness
- Nausea
- Fatigue
- Vomiting
- Dizziness


Medical conditions:
- Common cold
- Influenza infection (flu)
- COVID-19
- Acute bronchitis
- Viral sinusitis
- Endometriosis
- Diabetes
- Tension headache
- Migraine
- Chronic pain
- Fibromyalgia
- Arthritis
- Allergy
- Irritable bowel syndrome (IBS)
- Anxiety disorder
- Depression


Categories:
- Skin conditions such as rashes, acne, insect bites
- Women health and pregnancy
- Children‚Äôs health
- Sleeping problems
- Indigestion issues, such as vomiting, diarrhea
- Eye infections


<b>Disclaimer</b>
Disclaimer: The Ada app is a certified Class IIa medical device in the European Union.  

CAUTION: The Ada app cannot give you a medical diagnosis. Contact urgent care immediately in an emergency. The Ada app does not replace your healthcare professional's advice or an appointment with your doctor.

We want to hear from you. If you have any feedback or just want to get in touch, reach us at hello@ada.com. Your feedback will be processed in accordance with our Privacy Policy [https://ada.com/privacy-policy/].",Ada Health,
com.mdlive.mobile,MDLIVE: Talk to a Doctor 24/7,4.556113,Medical,0,True,USD,"Have an MDLIVE virtual doctor visit with board-certified physicians from the comfort and convenience of your own home or from wherever you are, whenever you want ‚Äì nights, after hours, weekends and holidays.

MDLIVE also offers behavioral health appointments with licensed therapists and board-certified psychiatrists as well as dermatology services.

You can schedule an appointment at a time and day that's convenient for you or have an on-demand visit in around 15 minutes.

All MDLIVE doctors are board-certified and state-licensed, with an average of 15+ years of experience. MDLIVE has two National Committee for Quality Assurance certifications and is accredited by the American Telemedicine Association. MDLIVE doctors are also friendly, caring, compassionate, and experts in conducting virtual medical consultations. And best of all, 9 out of 10 people would recommend us to their friends and family members in need of a doctor visit.

Great reasons to use MDLIVE virtual doctors:
1.	You‚Äôre not feeling up to leaving home
2.	You want to avoid the high cost of Urgent Care or the ER
3.	Your doctor isn‚Äôt available
4.	It's after hours, the weekend or a holiday
5.	You need a short-term refill on a prescription
6.	It‚Äôs hard to get to the doctor‚Äôs office
7.	You don‚Äôt want to take time off work or be away from home
 

MDLIVE doctors treat over 50 non-emergency medical conditions like these:
‚Ä¢ Allergies
‚Ä¢ Bronchitis
‚Ä¢ Colds & Flu
‚Ä¢ Ear Pain
‚Ä¢ Fever
‚Ä¢ Migraines
‚Ä¢ Pink Eye
‚Ä¢ Rash 
‚Ä¢ Sinus Infections
‚Ä¢ Sore Throat
‚Ä¢ Urinary Tract Infections (Female, 18+)
‚Ä¢ And more‚Ä¶

We also offer treatment and support for a wide variety of behavioral health issues:
‚Ä¢ Addictions
‚Ä¢ Anxiety
‚Ä¢ Bipolar Disorder
‚Ä¢ Couples Therapy
‚Ä¢ Depression
‚Ä¢ Eating Disorders
‚Ä¢ LGBTQ Support
‚Ä¢ Panic Disorders
‚Ä¢ Postpartum Depression
‚Ä¢ Relationships
‚Ä¢ Social Anxiety
‚Ä¢ Stress Management
‚Ä¢ PTSD (Post-traumatic Stress Disorder)
‚Ä¢ And more

We treat thousands of people a day with many different conditions, but you should not use MDLIVE if you are experiencing a medical emergency. In addition, we don't treat sexually transmitted diseases, urinary tract infections in males, or urinary tract infections in females under 18 years of age. Children under 3 with a fever and children under 12 with ear pain cannot be treated by MDLIVE.


Copyright ¬© 2020 MDLIVE, Inc. All Rights Reserved. 

MDLIVE may not be available in certain states and is subject to state regulations.  MDLIVE does not replace the primary care physician, is not an insurance product, and may not be able to substitute for traditional in-person care in every case or for every condition. 
MDLIVE does not guarantee patients will receive a prescription, does not prescribe DEA controlled substances and may not prescribe non-therapeutic drugs and certain other drugs which may be harmful because of their potential for abuse. 
MDLIVE and the MDLIVE logo are registered trademarks of MDLIVE, Inc. and may not be used without written permission. For complete terms of use visit www.mdlive.com/terms-of-use",MDLIVE Inc,
health.human.app,Human Health Tracker,4.52,Medical,0,True,USD,"üíó Human Health: Symptom Tracker, Medication Reminder & Digital Health Record

The ultimate app to track symptoms, medications & treatments, turning your daily experience into actionable data.

With Human Health, you can create a secure digital health record to monitor how your symptoms or overall health are changing over time. Designed with input from patients, parents & medical experts from top US hospitals & universities, Human Health helps manage symptoms & treatments for chronic conditions, mental health, neurological disorders, pain, autoimmune diseases & more.

Key Features:
ü§í SYMPTOM TRACKER & HEALTH JOURNAL
- Track over 1700+ symptoms daily, including chronic symptoms, mental health symptoms, neurological symptoms, pain symptoms, autoimmune symptoms, and gastrointestinal symptoms.
- Get personalized insights into how symptoms change over time.
- Add photos and notes to symptoms for more in-depth information.
- Create a mood journal to monitor mental health symptoms like stress, anxiety, depression, and emotional well-being.

üíä MEDICATION REMINDER, TREATMENTS LOG & PILL TRACKER
- Log medications, treatments, and supplements with custom reminders.
- Track 100,000+ treatments, including therapies, assistive devices, and lifestyle changes.
- Create a flexible medication & treatment plan: choose medication frequency that works for you.
- Track medication & treatment adherence & compare it to your symptom data

üß†¬†MENTAL HEALTH TRACKER & MOOD JOURNAL
- Log mental health symptoms like anxiety, depression, & mood swings.
- Track mental health patterns & understand mood fluctuations.
- See how medications & lifestyle changes impact mental health.
- Journal to better manage your mental health.

üë©‚Äç‚öïÔ∏è¬†DOCTOR READY HEALTH REPORTS
- Generate a free 3-month health summary (symptom & medications) for doctor visits.
- Customizable reports for greater flexibility to highlight relevant symptoms & medication changes e.g. only include mental health symptoms and mental health medications for therapists. 
- Store & access lab results, scans, & medical records for easy access.

ü§ù¬†FAMILY SYMPTOM & MEDICATION TRACKING
- Create multiple profiles for your family in Human Health.
- Use Human Health as your own symptom tracker & medication reminder
- Use Human Health as a symptom tracker & medication reminder for your family. 

üîí YOUR PRIVACY, OUR PRIORITY
-Encrypted and protected data, with control over who views your information.
-Your personal data will never be sold, and you can delete it anytime.
-Always accessible data‚Äîdownload, export, or delete files when needed.

For more information, visit: https://humanhealth.zendesk.com/hc/en-us
Privacy Policy: https://humanhealth.zendesk.com/hc/en-us/articles/17643897206681-Our-Privacy-Policy
For support, email: support@human.health

Insights provided by Human Health do not constitute medical advice. Always consult your doctor before making any medical decisions.",Human Operations Pty Ltd,
care.drdigital.app,Dr. Digital,,Health & Fitness,0,True,USD,"Key features:

1. Personalized care. Dr. Digital provides care tailored to your needs and goals, whether you're struggling with a chronic condition or seeking to improve your overall health.

2. Online help desk. Get expert advice and treatment plans from the comfort of your home through our online help desk, delivered by medical professionals.

3. Dr. Digital Concierge. Book appointments with your healthcare providers quickly and easily with our concierge service that allows you to avoid long waits and appointments.
4. Health Profile. Manage your health information in one place and track your health history, preventive screenings, and test results in your Dr. Digital health profile.

5. All in one place. Track your health metrics and make informed decisions about your health with Dr. Digital's health tracking feature.
Why choose Dr. Digital?
- Comprehensive solutions
- User-friendly interface
- Secure and confidential

Download Dr. Digital today and take control of your health!

Join the thousands of users who trust Dr. Digital to help them on their health journey. Download our app now and get a modern healthcare tool for your device.

Learn more at www.drdigital.care",Dr. Digital Team,
health.vivica.digitaldoctor,Digital Doctor,,Medical,0,True,USD,"De Digital Doctor - DataClinix Suite ondersteunt zorgverleners bij het leveren van patient specifieke digitale zorg. 


Geen advies
Deze app ""Digital Doctor"" geeft alleen informatie, is geen medisch of behandelingsadvies en mag niet als zodanig door de gebruiker worden behandeld. Als zodanig mag deze App niet worden gebruikt voor het stellen van een medische diagnose of als aanbeveling voor medische zorg of behandeling. De informatie op deze App is geen vervanging voor professioneel medisch advies, diagnose of behandeling. Alle inhoud, inclusief tekst, graphics, afbeeldingen en informatie, opgenomen op of beschikbaar via deze App is alleen voor algemene informatieve doeleinden.

Disclaimer:
Professioneel medisch advies en hulp
U wordt ten sterkste aangeraden om alle informatie verkregen van of via deze App te bevestigen met uw arts of een andere professionele zorgverlener en om alle informatie betreffende een medische conditie of behandeling met uw arts of een andere professionele zorgverlener te bespreken.

Geen vertrouwen
U MAG NOOIT VERTROUWEN OP ENIGE INFORMATIE VERKREGEN VIA DEZE APP VOOR ENIGE DIAGNOSE OF AANBEVELING VOOR MEDISCHE BEHANDELING. U MAG NOOIT VERTROUWEN OP DE INFORMATIE DIE U VIA DEZE APP ONTVANGT ALS ALTERNATIEF VOOR MEDISCH ADVIES VAN UW ARTS OF EEN ANDERE PROFESSIONELE ZORGVERLENER.
U MAG NOOIT PROFESSIONEEL MEDISCH ADVIES IN DE WIND SLAAN OF HET ZOEKEN VAN MEDISCHE BEHANDELING UITSTELLEN ALS GEVOLG VAN INFORMATIE DIE U OP DEZE APP HEBT GEZIEN OF WAARTOE U VIA DEZE APP TOEGANG HEBT GEHAD. ALS U SPECIFIEKE VRAGEN HEEFT OVER EEN MEDISCHE KWESTIE, DIENT U UW ARTS OF EEN ANDERE PROFESSIONELE ZORGVERLENER TE RAADPLEGEN. ALS U DENKT DAT U AAN EEN MEDISCHE AANDOENING LIJDT, MOET U ONMIDDELLIJK MEDISCHE HULP INROEPEN.

Geen Garantie
De informatie verstrekt door deze App wordt verstrekt ""zoals het is"" zonder enige verklaringen of garanties, uitdrukkelijk of impliciet. Digital Doctor geeft geen verklaringen of garanties met betrekking tot de medische of andere informatie in deze App.",Vivica BV,
ai.kanghealth,K Health | 24/7 Virtual Care,4.6439233,Medical,0,True,USD,"24/7 ACCESS TO HIGH-QUALITY MEDICAL CARE FROM YOUR PHONE. NO INSURANCE REQUIRED.

Get the treatment you need from licensed medical providers without setting foot in a doctor‚Äôs office. Providers on the K Health platform can treat hundreds of medical conditions, from anxiety to UTIs, and prescribe medication to get you feeling better faster.

At K Health, we use advanced AI to provide better, more personalized medical care. Try it out for free by checking your symptoms: We‚Äôll compare your case to millions of real patient records and tell you how people like you were diagnosed and treated.*

Then, you can chat with a provider to get the care you need. Pay just $49/month** for unlimited visits, $73 for a one-time virtual visit, or $449 for an entire year of unlimited visits (for a savings of $139).

With the K Health app, you can:

-Get free, clinically-proven information about your symptoms from the same AI your provider uses to make smarter medical decisions

-Chat with a medical provider about urgent medical needs 24/7 by text and video

-Make virtual appointments with a provider who can help you manage (and prevent) chronic conditions like high blood pressure, diabetes, high cholesterol, and more

-Get generic prescription medication shipped directly to your door, saving you time and money

-Stay on top of lab orders, medication management, and specialist referrals

WHAT WE TREAT 

Urgent care:
-Cold and flu
-Indigestion and abdominal pain
-UTIs 
-Headaches and migraines
-Dental pain
-Rashes

Chronic care:
-Weight management
-Anxiety and depression
-High blood pressure
-High cholesterol
-Diabetes (type 2)
-Acid reflux

... and hundreds more


*The results from the Symptom Checker are not medical advice or a diagnosis, but you can connect with a medical provider practicing on the K Health platform for diagnosis and treatment.
**Billed quarterly after the first month",K Health,
com.meddi.health,Digital salud,,Health & Fitness,0,True,USD,Salud a tu alcance,Meddi,
com.medm.app.health,Health Diary by MedM,4.372549,Medical,0,True,USD,"The world‚Äôs only holistic health monitoring diary that can collect 25+ measurement types from 900+ Bluetooth-enabled sensors. MedM Health is more than a vital sign log book for blood pressure and glucose, body weight and temperature, heart rate and oxygen saturation, it is a comprehensive health diary app that supports users in taking control: reaching their wellness goals, managing a chronic condition, improving their quality of life. 

MedM health is a single entry point for tracking, journaling, analyzing, and sharing (with family or caregivers) of 30+ types of recorded physiological & wellness parameters:
1. A1C
2. Activity
3. Alcohol Content
4. Auscultation
5. Blood Cholesterol
6. Blood Coagulation
7. Blood Glucose
8. Blood Ketone
9. Blood Lactate
10. Blood Pressure
11. Blood Uric Acid
12. ECG
13. Exercise
14. Fetal Doppler
15. Heart Rate
16. Heart Rate Variability
17. Hematocrit
18. Hemogolbin
19. Medication Intake
20. Mole Scan
21. Note
22. Oxygen Saturation
23. Respiration Rate
24. Sleep
25. Spirometry
26. Stress level
27. Temperature
28. Total Serum Protein
29. Triglycerides
30. Urine Test
31. Weight

Data can be collected automatically from connected fitness and health monitors or entered manually via the Smart Entry interface. MedM Health does not require registration, but with it - offers synchronization and backups with a cloud service. Unregistered users can keep their health diaries in offline mode (data stored only on their smartphone). Please note that some features require a subscription that is available only for registered users.

Basic Features:
- Automatic data collection from an unlimited number of connected health meters
- Manual data entry
- App use with or without registration
- Online data backups for registered users
- Reminders for taking medications & making measurements
- Configurable dashboard
- Measurements history, trends, and graphs
- Data export in CSV format
- A two-week free MedM Health Premium trial

Premium Features:
- Multiple health profiles for family (including pets)
- Data sync with connected health ecosystems (Apple, Garmin, Google, Fitbit, etc.)
- Health profiles sharing
- Remote health monitoring (via the app or MedM Health Portal)
- Notifications for threshold, reminders, and goals
- Data export in PDF and XLSX formats
- Special offers from MedM partners and more

Data safety: MedM employs all applicable data protection best practices - cloud synchronization via HTTPS, data is stored encrypted on securely hosted servers. Users exercise full control over their records and can export or request to delete them at any time. User health data is never sold or shared with unauthorized parties.

MedM is the absolute world leader in smart medical device connectivity - we support Bluetooth, NFC, and ANT+ meters by the following vendors: A&D Medical, AndesFit, Andon Health, AOJ Medical, Berry, BETACHEK, Borsam, Beurer, ChoiceMMed, CMI Health, Conmo, Contec, CORE, Cosinuss, D-Heart, EZFAST, FindAir, Finicare, Fleming Medical, Fora Care Inc., iChoice, Indie Health, iProven, i-SENS, Jerry Medical, J-Style, Jumper Medical, Kinetik Wellbeing, Masimo, MicroLife, Mio, MIR, Nonin, Omron, Oxiline, PIC, Roche, Rossmax, Sinocare, SmartLAB, TaiDoc, Tanita, TECH-MED, Transtek, Tyson Bio, Viatom, Vitalograph, Yonker, Zewa Inc. and more.

NOTE! Device compatibility can be checked here: https://medm.com/sensors

Disclaimer: MedM Health is intended for non-medical, general fitness and wellness purposes only. Always consult a doctor before making any medical decisions",MedM Inc,
com.lifetimefitness.interests.fitness,Life Time Digital,4.783002,Health & Fitness,0,True,USD,"A healthy way of life anywhere, anytime for everyone. 
 
The Life Time app is now available to everyone who wants to experience the best in digital health and fitness.  From the hottest live streaming and on-demand classes, expertly crafted workout and nutrition programs, award-winning health content and exclusive access to the best nutritional‚Äôs and products in our LifeShop, Life Time can help you achieve your health goals.
 
And for our Club members it‚Äôs also your key to unlocking all the amazing experiences across our network of over 160+ athletic country clubs; Membership Card, Class & Court Reservations, Kids Activities, Personal Training, Spa Appointments, Caf√© ordering, Account Management & more.
 
For Everyone:
LIVE STREAMING CLASSES:  Tap into the energy of your favorite club performers with unlimited live streaming classes from clubs across the nation.
ON-DEMAND CLASSES: Studio, cycle, yoga, meditation, family and more. Stream your favorite classes to your phone, computer or smart TV.
VIRTUAL TRAINING: Custom training programs focused on your goals; weight loss, strength, active aging, nutrition and healthy habit formation.
CURATED CONTENT: Browse expertly crafted articles and podcasts on your favorite topics - fitness, nutrition, health, lifestyle and more.
LIFE SHOP: From dumbbells to wearable technology and exclusive nutritional‚Äôs, get everything you need to make your goals a reality in one place.
 
For Club Members:
MEMBERSHIP CARD:  Check in with the app or upload your membership card into Apple Wallet so it‚Äôs always with you.
CLASS AND EVENT SCHEDULES AND RESERVATIONS: Find your favorite classes or try something new in our classes schedules with reservations for yourself and others on your membership.
COURT RESERVATIONS:  Reserve your own court for a friendly game of pickleball, tennis, squash or racquetball.
PERSONAL TRAINING: View the Dynamic Personal Trainers at your club and book your complimentary Intro to DPT or Goal Setting session available to all members
KIDS & FAMILY: Connect to all things kids from class reservations, swim lesson registration, family swim hours, camp registration‚Ä¶.and don‚Äôt forget to check out Parents Night Out events.
LIFESPA BOOKING: Schedule massage, hair, skin or nail services at our full-service salons and spas.
LIFECAFE ORDERING: Order shakes and meals from the LifeCafe and pick them up after your workout to quickly refuel.
CLUB NEWS & NOTIFICATIONS: Receive important messages and alerts from your club about upcoming improvements, events and more.
ACCOUNT MANAGEMENT: Manage your membership, payment information, transaction history, communication preferences and more.
 
Access to programs, services, content and experiences subject to change.  Always consult your physician before beginning any new exercise program.","Life Time, Inc.",
com.lifemd.care,LifeMD,4.858586,Medical,0,True,USD,"Nationwide access to the best online medical providers and prescriptions. No insurance needed. 


Access a new kind of healthcare with LifeMD. It's transparent healthcare that you can trust, without co-pays, surprise medical bills, or unnecessary specialist visits and diagnostics. LifeMD offers the best virtual healthcare, at the best price, from the best medical providers. 


Our medical providers aren't influenced by insurance companies or motivated by referrals.  Their care and focus is only on providing their patients with the highest quality virtual care. Our providers can treat over 3,500 medical conditions online and are committed to providing exceptional care and a healthier you! 

LifeMD's medical providers are highly rated, well educated, and committed to your long term health. While many telehealth platforms assign you a random provider for each visit, LifeMD gives you a medical provider that gets to know you and your health, works with you over time to optimize your health, helps you to manage chronic conditions, and delivers personalized care for better outcomes and a healthier life. 

Your virtual visit with a LifeMD provider may be one of the most thorough medical visits you've ever had. Your provider will ask about your medical history, current symptoms, lifestyle, and the medications and supplements you currently take. Your provider will then provide a personalized treatment plan for you, and if appropriate, a prescription. 

What does LifeMD treat?

Primary care for: 
‚Ä¢	Acne 
‚Ä¢	Allergies
‚Ä¢	Anxiety 
‚Ä¢	Asthma
‚Ä¢	Back pain 
‚Ä¢	Constipation
‚Ä¢	Depression 
‚Ä¢	Diabetes
‚Ä¢	Erectile Dysfunction 
‚Ä¢	Hair Loss 
‚Ä¢	High Blood Pressure
‚Ä¢	High cholesterol/triglycerides
‚Ä¢	Insomnia/Sleep
‚Ä¢	Nail fungus
‚Ä¢	Osteoarthritis
‚Ä¢	Reflux [GERD]
‚Ä¢	Thyroid conditions
‚Ä¢	Weight-Loss 



Urgent Care for:
‚Ä¢	Allergies 
‚Ä¢	Bronchitis 
‚Ä¢	Colds 
‚Ä¢	Dental infections
‚Ä¢	Diarrhea
‚Ä¢	Ear pain 
‚Ä¢	Flu
‚Ä¢	Headache/migraines
‚Ä¢	Nausea 
‚Ä¢	PrEP
‚Ä¢	Pink eye
‚Ä¢	Pneumonia 
‚Ä¢	Rash
‚Ä¢	Sinus infection
‚Ä¢	Strep throat 
‚Ä¢	Mild to moderate sunburn
‚Ä¢	Tonsillitis 
‚Ä¢	UTIs 
‚Ä¢	Vaginitis 
‚Ä¢	Yeast Infections
‚Ä¢	And many more...



Common prescriptions our medical providers write:

‚Ä¢	Anti-inflammatories
‚Ä¢	Antibiotics 
‚Ä¢	Antiviral Medications
‚Ä¢	Antidepressants 
‚Ä¢	Antipsychotics 
‚Ä¢	Asthma control
‚Ä¢	Birth Control 
‚Ä¢	Cholesterol medications
‚Ä¢	Diabetic medications
‚Ä¢	Diuretics 
‚Ä¢	High blood pressure medication
‚Ä¢	PrEP
‚Ä¢	And many more...



Access a new kind of healthcare with LifeMD. It's transparent healthcare that you can trust, without co-pays, surprise medical bills, or unnecessary specialist visits and diagnostics. LifeMD offers the best virtual healthcare, at the best price, from the best medical providers. 

Please also review our privacy policy.

Notice of Collection: https://lifemd.com/ccpa",LifeMD,
com.cerner.iris.play,HealtheLife,2.8945148,Medical,0,True,USD,"HealtheLife helps individuals and families stay informed, educated and take a more active role in their health.

Through the HealtheLife app, you have real-time and easy access to your health care organization's online portal. This portal shows your latest health care information and provides services needed to plan, understand and engage in your care.
 
You must first be granted access by your health care organization to use their online portal. Once you have an account, simply sign into the HealtheLife app with your Cerner Health username and password.  If you have access to portals from multiple health care organizations, you can view all participating portals through the app.
 
Each participating organization's portal is unique but most portals allow you to connect with your care team by:
‚Ä¢ Securely messaging your provider
‚Ä¢ Scheduling and managing upcoming appointments
‚Ä¢ Accessing medical information including allergies, laboratory results, health issues, immunizations, medications and other health documents
 
If you need assistance accessing your existing account, visit your health care organization's website for support options. Contact your provider directly regarding questions about your health record. Personal health inquiries or concerns posted as comments in the Play Store cannot be addressed.",Cerner Corporation,
com.cliniconline,Medical Records,4.12,Medical,0,True,USD,"You can use this Android Medical Records App to easily save anamnesis,  patient records, patient history, health information. Through your mobile or your pc

<b>Features:</b>
* According to your needs, choose to store your medical data¬† either in your device memory or on a secure cloud storage where data sync is enabled.

* Supports multiple screens; phones, small and large size tablets
* Works on Chromebook system
* Backup your data¬†
* Manages appointments
* Username and password authentication
* ¬†Export medical data to Excel Sheet, pdf and graphs
* Attach medical documents of any type (pdf, word ...etc) or capture it using camera or video recording.
* Most of the data are stored using the auto-complete technique.
* Stores patient‚Äôs address: latitude, longitude using¬† maps
* The availability to launch Google Maps navigation to drive to the (patient & doctor & hospital)¬† stored address starting from your current location
* Medical history reports
* Multiple Search Techniques:
    * by name¬† or phone number
    * By visit date¬†
    * By appointment date
* Records video or image capture for medical activities, with or instead of writing text.
* Full screen image slider to browse reports which captured by the user
* Full screen video viewer to display Videos taken.
* Pick up medical document stored as Picture or video from Image gallery
* Capability of adding patient information via the device contact list; if the patient info is on the device contacts list
* Physicians can use the app in their clinics for private practice management as a clinic information system, clinic management system, Doctor Patient Medical Record, Healthcare management mobile application, Patient Medical Records to track Patient history, Electronic medical Records (EMR), Electronic Health Records (EHR).
* ¬†It could be considered as medical management, family healthcare, medical records tracker app as normal persons can use the app to store their private medical information and their family health history, thus makes it easy for your doctor to track your medical info history

<b>Main Medical modules</b>
* Medical visit module
* Family history module
* Allergy list module
* Vaccines list module
* Blood pressure module
    * Recording ‚Äãsystolic, diastolic, pulse
    * Export blood pressure reports to either PDF or Graphs
    * ¬†Send blood pressure reports to your doctor, patient
* Blood glucose (sugar) module
    * ¬†Saving blood sugar value
    * ¬†Export blood glucose reports to either PDF or Graphs
    * Send blood sugar reports to your doctor
* Physical examination form to record symptoms and diagnoses..etc
* Lab Tests module
* Prescription (drugs) module to save medicine info
* Radiology module
* Pathology report module
* Surgeries data module
* Notes module to record any notes and to attach any document.
* Appointment module to track patient appointments

We are working to keep updating the app so as to be one of the top medical practice management software  .",MedClin,
com.virginpulse.virginpulse,Personify Health,4.117787,Health & Fitness,0,True,USD,"Virgin Pulse is now Personify Health.¬†

The first and only personalized health platform company that brings holistic health and wellbeing, comprehensive navigation and advocacy, and flexible health plan administration, all in one place.¬†

Seamlessly sync your daily activities with our built-in activity tracker, monitoring steps taken and sleep patterns. Stay connected on the go with Max Buzz integration, displaying incoming calls and text messages directly on your device. Elevate your wellbeing journey with personalized insights and convenient notifications - your all-in-one solution for a healthier, connected lifestyle.","Personify Health, Inc.",
com.doctorondemand.android.patient,Doctor On Demand,4.7237678,Medical,0,True,USD,"Doctor On Demand by Included Health offers 24/7 access to board-certified doctors, licensed therapists, and psychiatrists via secure video visits from your phone, tablet, or computer. When you're feeling sick, want a doctor‚Äôs note, need help with a prescription, and more, we make it easy to get quality telehealth anytime, anywhere‚Äîwith or without insurance. Download the free Doctor On Demand app to get started. 

Why Choose Doctor On Demand?

<b>Fast Access to Online Doctors</b> ‚Äì See a board-certified, US-based provider with telehealth appointments anytime, day or night.

<b>Therapy & Psychiatry</b> ‚Äì Book virtual visits for mental health concerns like stress, anxiety, depression, PTSD, trauma, and more.

<b>Online Urgent Care, Treatment, Prescriptions</b> ‚Äì For colds, flu, allergies, skin conditions, UTIs, headaches, and more, our providers can send prescriptions to nearby pharmacies if medically appropriate. 

<b>Doctor‚Äôs Notes</b> ‚Äì Need a doctor‚Äôs note for work or school? We‚Äôve got you covered. See an urgent care provider for help. 

<b>Insurance or Self-Pay</b> ‚Äì We work with major health plans and many employers to reduce the costs of visits for eligible members. If not covered, we offer affordable visit costs to all patients with no surprise bills. 

How It Works

‚ÄÉ1. Download the app and create an account for free.
‚ÄÉ2. Choose to see the first available provider, or schedule a visit.
‚ÄÉ3. Get personalized care, prescriptions, and treatment plans in an online visit. 

Conditions We Treat
‚úîÔ∏è Cold, Flu & Sinus Infections
‚úîÔ∏è UTI Treatment Online
‚úîÔ∏è Acne, Rashes & Skin Issues
‚úîÔ∏è Allergies & Asthma
‚úîÔ∏è High Cholesterol, Diabetes & Thyroid Screening
‚úîÔ∏è Headaches & Migraines
‚úîÔ∏è Mental Health Support: Anxiety, Depression, Grief & More
‚úîÔ∏è Prescription Refills & Lab Orders

Frequently Asked Questions
üïí When are doctors available?
Our virtual providers  are available 24/7, 365 days a year, including weekends and holidays. Mental health appointments are often available within days‚Äîmuch faster than traditional providers who can take weeks

üí≤ How much does a visit cost?
You‚Äôll always see your exact visit cost upfront. We accept most insurance plans and partner with top employers and health plans to lower your costs. No insurance? Our telehealth visit costs are affordable.

üë©‚Äç‚öïÔ∏è Who are the doctors?
Our US-based, board-certified doctors, licensed psychiatrists, and therapists have an average of 15 years of experience and come from diverse specialties to ensure you receive expert care.

ü§≥How does it work? 
Join a telehealth visit to connect face to face with a provider from your phone, tablet, or computer in as little as ten minutes. Like an in-person visit, your provider will discuss with you how you‚Äôre feeling, your healthcare history, and propose a recommended treatment plan. Labs, screenings, and prescriptions will be sent to nearby facilities.

‚öïÔ∏èWhat can you treat? 
Our urgent care doctors can treat hundreds of issues, including cold and flu, urinary tract infections, allergies, headache, sprains, and skin conditions. They can also order labs and screenings to help with preventative care and help manage chronic care conditions. Our extensive team of therapists and psychiatrists are able to treat anxiety, stress, depression, PTSD, trauma and loss relationships, and more. 

Your Privacy is Our Priority
We adhere to strict HIPAA guidelines to protect your health data and personal information.

Our providers are unable to prescribe controlled substances. 

Get Started Today
Join millions of patients who trust Doctor On Demand for fast, convenient, and reliable healthcare. Download the app now to sign up for free!","Doctor On Demand, Inc",
com.ihealthlabs.MyVitalsPro,iHealth MyVitals,4.749583,Health & Fitness,0,True,USD,"The Myvitals App allows users to easily manage and view their health data. By creating an iHealth account and connecting our devices, you'll be able to store data securely in the cloud. 

[Device Support]
This app will support iHealth blood pressure monitors, pulse oximeters, touchless forehead thermometers, weighing scales, and  smartwatch (enable the user to connect a mobile device to a connected smartwatch send/receive texts and phone calls)

[Graphs and charts]
Using easy-to-read graphs and charts, you'll be able to view changes and trends over time. You can view all types of graphic trends on the same screen and use the share function to keep your care team up to date with your condition status.

[Measurement Results]
After taking a measurement, you'll be able to see the results in real-time. By connecting the device to your iHealth account, you'll be able to sync the data and access it at any time.

[Contact Us]
If you have any questions about how to use our products, or if you would like to provide feedback, please let us know in the app. You may message the care team directly or fill out the feedback form in the settings section.","iHealth Labs, Inc.",
